fold,text,intents,intent_span,intent_span_4o
fold0,why don't you offer massages anymore?,"['why', 'wrong_notworking_notshowing']",why don't you offer massages anymore/massages,anymore/don't you offer/why/massages
fold0,how do i cancel my restaurant booking of the 20th of April,"['how', 'cancel_close_leave_freeze']",restaurant booking/how do i cancel/20th of April,cancel/how/restaurant booking
fold0,any constraints on the number of nights we can stay during the Christmas time?,"['limits', 'request_info']",number of nights/Christmas time,constraints/Christmas time/number of nights
fold0,"got it, then just rebook me to another hotel","['acknowledge', 'change']",rebook/another hotel,got it/rebook/another hotel
fold0,Laters,['end_call'],Laters,Laters
fold0,"Hi, can I get some food delivered now","['greet', 'make_open_apply_setup_get_activate']",food delivered,Hi/get/food delivered
fold0,Speak to someone about room service,['handoff'],room service,speak to someone/room service
fold0,I'd like to change my current booking to a smaller and cheaper room if possible.,"['change', 'existing', 'less_lower_before']",change/smaller and cheaper room/current booking,smaller and cheaper room/change/current booking
fold0,what is the check in time in your hotel,['when'],check in time,time/check in/hotel
fold0,i slept in and will have to check out later than 6,['more_higher_after'],slept/later than 6/check out,check out/later than 6
fold0,put more people under the reservation rickelle kawamoto,"['change', 'more_higher_after']",put more people/rickelle kawamoto/under the reservation,reservation/more
fold0,Sounds good yeah!,['affirm'],Sounds good,Sounds good yeah
fold0,I wanna open another reservation,"['new', 'make_open_apply_setup_get_activate']",open/reservation,reservation/open
fold0,Is it allowed to bring your dog to the pool?,['request_info'],bring your dog/allowed/to the pool,bring your dog/pool
fold0,"no, I'm talking about an existing one, made 3 days ago","['deny', 'existing']",made 3 days ago/existing,3 days ago/no/existing
fold0,wifi is broken,['wrong_notworking_notshowing'],broken/wifi,wifi/broken
fold0,Is there a gym,['request_info'],gym,gym
fold0,what is the cost of the spa,['how_much'],cost/spa,cost/spa
fold0,i think i dropped my phone,['lost_stolen'],dropped,dropped
fold0,i want to park my car somewhere,['request_info'],park,park
fold0,Could you please cancel the lunch booking for 4 at 11:45 am under shanta ricciardi?,['cancel_close_leave_freeze'],lunch booking/shanta ricciardi/11:45 am/cancel,cancel/booking
fold0,"change hotel booking, my name is edens",['change'],hotel booking/change/my name is edens,booking/change
fold0,can I get an acupuncture session for the 17 Sep at 11 00 in the morning,['make_open_apply_setup_get_activate'],11 00 in the morning/acupuncture session/17 Sep,session/17 Sep/11 00 in the morning/get
fold0,what are the restaurant dinner opening hours?,['request_info'],restaurant/dinner opening hours,restaurant/opening hours
fold0,I want to order breakfast omelette room service,['make_open_apply_setup_get_activate'],omelette/breakfast/room service,breakfast omelette
fold0,Can I change the start date and duration of a reservation i made the other day,"['change', 'existing']",start date/change/duration,reservation/duration/change/start date
fold0,a table booking for 2 people on the date 1st of Jan and the time 15 to 2 night,['make_open_apply_setup_get_activate'],date 1st of Jan/2 people/table booking/time 15 to 2 night,time 15 to 2 night/table booking/date 1st of Jan
fold0,I just want to change the number of guests,['change'],number of guests/change,change/number of guests
fold0,"Have you got any availability between 17th May to 21st May, we are three for a four night stay",['make_open_apply_setup_get_activate'],three for a four night stay/between 17th May to 21st May/availability,17th May to 21st May/availability/for a four night stay
fold0,I need to book for 4 rooms,['make_open_apply_setup_get_activate'],4 rooms/book,rooms/book
fold0,book for tomorrow,['make_open_apply_setup_get_activate'],book/tomorrow,tomorrow/book
fold1,"thanks, when will I get the money back?","['thank', 'when']",when will I get the money back/thanks,thanks/get the money back/when
fold1,why can't I cancel my reservation for tomorrow,"['why', 'cancel_close_leave_freeze', 'wrong_notworking_notshowing']",cancel my reservation/tomorrow/why,cancel/reservation/why/tomorrow
fold1,how can I book a room for 2?,"['how', 'make_open_apply_setup_get_activate']",book a room/for 2/how,book a room/how can I
fold1,"given the new normal, is there any limit on the number of people at the pool?","['limits', 'request_info']",limit,new/pool/limit
fold1,ok im done with this,"['acknowledge', 'end_call']",im done with this/ok,done/ok
fold1,I didn't quite understand you,['repeat'],didn't quite understand you,didn't understand
fold1,"hello, I want to change the number of nights of my hotel booking","['change', 'existing', 'greet']",number of nights/change,change/number of nights/hello
fold1,spa team please,['handoff'],team/spa,please/spa
fold1,is there any way to get in the gym earlier than 4:25,"['request_info', 'less_lower_before']",4:25/get in the gym earlier,get in the gym/earlier
fold1,we're still in the room we are going to leave later,['more_higher_after'],going to leave later/room/we're still,still in the room/leave later
fold1,any free rooms with jacuzzi after Tuesday?,"['request_info', 'more_higher_after']",after Tuesday/jacuzzi/free rooms,free rooms/after Tuesday/jacuzzi
fold1,"Yes, that's brilliant.",['affirm'],Yes,that's brilliant/Yes
fold1,"I made one booking two weeks ago, but would like to make a new one now.","['make_open_apply_setup_get_activate', 'new']",booking/new,make a new one/booking
fold1,"I've got a couple of small dogs, is it ok if I bring them",['request_info'],bring them/small dogs,bring them/small dogs
fold1,"no, I don't need a stove in the room.",['deny'],I don't need a stove/no,no
fold1,The WiFi signal is so bad.,['wrong_notworking_notshowing'],WiFi,WiFi/bad
fold1,"there's no shampoo in the shower, please send me one.","['wrong_notworking_notshowing', 'make_open_apply_setup_get_activate']",shampoo,send me one/no shampoo in the shower
fold1,does the gym have an exercise bike,['request_info'],exercise bike/gym,exercise bike/gym
fold1,how much do body treatments cost?,['how_much'],how much/body treatments cost,body treatments/how much
fold1,my daughter left left a teddy bear downstairs did someone hand it in,['lost_stolen'],someone hand it in/downstairs/teddy bear/daughter,someone hand it in
fold1,can i leave my car on the parking overnight,['request_info'],leave my car/on the parking overnight,leave/parking
fold1,Cancel the restaurant reservation for 18 45 in the evening under sammijo oaks,['cancel_close_leave_freeze'],sammijo oaks/restaurant reservation/Cancel/18 45 in the evening,Cancel/restaurant reservation
fold1,confirm room booking under charis,['existing'],confirm/room booking,confirm/room booking
fold1,do you offer waxing?,['request_info'],do you offer/waxing,do you offer/waxing
fold1,can i book a restaurant table here?,"['request_info', 'make_open_apply_setup_get_activate']",book a restaurant table,restaurant/book
fold1,please bring me a ham sandwich,['make_open_apply_setup_get_activate'],ham sandwich,bring
fold1,I have a room booking for Saturday 3 December and I am going to need to change the checkout date to December 12,"['change', 'existing']",change the checkout date/room booking,change/room booking/checkout date
fold1,change my restaurant reservation to 25 past 15 afternoon,['change'],25 past 15 afternoon/restaurant reservation/change,25 past 15 afternoon/restaurant reservation/change
fold1,I want to modify the number of rooms,['change'],modify/number of rooms,modify/number of rooms
fold1,book a room from tomorrow to Saturday for 1,['make_open_apply_setup_get_activate'],book a room/for 1/from tomorrow to Saturday,tomorrow to Saturday/book a room
fold1,Iâ€™d like to book two rooms a fortnight today.,['make_open_apply_setup_get_activate'],book/today/a fortnight/two rooms,a fortnight today/two rooms/book
fold1,book for Aug the 18th to August 26th,['make_open_apply_setup_get_activate'],book/Aug the 18th to August 26th,Aug the 18th to August 26th/book
fold2,"I would like to check in the 4 April and check out the Wednesday, thanks",['thank'],check in/4 April/check out,thanks/check in/check out
fold2,I am still waiting for the refund of the room i cancelled,['wrong_notworking_notshowing'],room I cancelled/refund,room i cancelled/refund
fold2,what time do the cleaning personel come?,['when'],cleaning personnel/what time,what time/cleaning personel come
fold2,how much does a full body massage last?,['how_long'],full body massage/how much/last,last/how much
fold2,"ok, then I need a wheelchair friendly room","['acknowledge', 'make_open_apply_setup_get_activate']",wheelchair friendly room,wheelchair friendly room/ok
fold2,"i lost it, but don't know where","['lost_stolen', 'dont_know']",don't know/lost,lost/don't know
fold2,"i lost it, but no idea where","['lost_stolen', 'dont_know']",no idea where/lost,lost/no idea
fold2,"Goodbye, my virtual friend!",['end_call'],Goodbye,Goodbye
fold2,"hiya there, I need some info about my current booking at your place","['greet', 'request_info', 'existing']",current booking,current booking/hiya there
fold2,I need to speak to someone working at the pool.,['handoff'],speak/someone working at the pool,speak to someone/pool
fold2,It will be fewer people today than what I first told you.,['less_lower_before'],fewer people/what I first told you/today,fewer
fold2,when can I do check in very latest?,['when'],check in/when,check in/when
fold2,"I want to check out, but still leave my car at the parking spot for few more hours.",['make_open_apply_setup_get_activate'],leave my car/check out,parking spot/check out
fold2,"I'd like to rebook for a later date, say, Wednesday 26th October","['change', 'more_higher_after']",rebook/Wednesday 26th October/later date,later date/rebook/Wednesday 26th October
fold2,new,['new'],new,new
fold2,Where exactly is the pool?,['request_info'],pool,Where exactly/pool
fold2,"I have just one dog I wanted to have in my room, can I make sure that is ok",['request_info'],dog/room/make,dog/room
fold2,heck no!,['deny'],heck/no,heck no!
fold2,Do you guys have a WiFi password?,['request_info'],WiFi password,WiFi/password
fold2,"Can someone fix air conditioning in my room, please?","['request_info', 'wrong_notworking_notshowing']",air conditioning/fix/room,air conditioning/fix/room
fold2,I heard there you have a jogging trail,['request_info'],jogging trail,jogging trail
fold2,How much is extra parking?,['how_much'],extra parking/How much,How much/extra parking
fold2,my camera seems to be missing,['lost_stolen'],camera,missing
fold2,Where can I leave my car?,['request_info'],leave my car/Where can I,Where/leave my car
fold2,any room free this evening already?,['request_info'],any room/already/this evening,free/already/this evening/room
fold2,cancel the 8 40 in the morning restaurant booking under bruggeman,['cancel_close_leave_freeze'],restaurant booking/the 8 40 in the morning/under bruggeman/cancel,cancel/restaurant booking
fold2,"I want to book a room on behalf of shaida sharon, from Jan the 12th.",['make_open_apply_setup_get_activate'],book a room/Jan the 12th,Jan the 12th/book a room
fold2,I want to get a foot bath on Sunday,['make_open_apply_setup_get_activate'],Sunday/foot bath,foot bath/get/Sunday
fold2,Is there a cash machine on the premises?,['request_info'],premises/cash machine,cash machine/on the premises
fold2,I have a reservation and I need to change the number of adults,"['change', 'existing']",number of adults/change,reservation/number of adults/change
fold2,I have a booking and I need to amend the number of adults,"['change', 'existing']",amend the number of adults/booking,amend/number of adults/booking
fold2,I have a booking and I need to change the number of adults,"['change', 'existing']",number of adults/change,change/booking
fold2,I have a reservation and I need to amend the number of adults,"['change', 'existing']",amend the number of adults/reservation,number of adults/reservation/amend
fold2,please change the time of my table booking,['change'],change/time/table booking,table booking/change
fold2,I want to modify the adults,['change'],modify/adults,adults/modify
fold2,Looking for a room from the 1st to the 17th for 8 people,['make_open_apply_setup_get_activate'],Looking for a room/from the 1st to the 17th/for 8 people,8 people/from the 1st to the 17th/room
fold2,I'd like an en suite room for 2 adults please,['make_open_apply_setup_get_activate'],en suite room/2 adults,2 adults/en suite room
fold2,I want to book for today,['make_open_apply_setup_get_activate'],book/for today,today/book
fold3,"Something's wrong with the shower, only cold water since 25 past 17 afternoon today.",['wrong_notworking_notshowing'],with the shower/only cold water/Something's wrong/since 25 past 17 afternoon today,cold water/25 past 17 afternoon today/shower/Something's wrong
fold3,"I just wanted to confirm the booking and that's all, thanks and bye-bye!","['thank', 'end_call']",confirm/bye/booking/thanks,thanks/confirm the booking/bye
fold3,the room was supposedly cleaned but this is still pretty dirty,['wrong_notworking_notshowing'],cleaned/room,cleaned/room
fold3,how much time does a spa session last?,['how_long'],last/how much time/spa session,time/how much/spa session
fold3,can I go to the gym if I am in a wheelchair?,['request_info'],wheelchair/gym,gym/wheelchair
fold3,i have doubts about my check in date,['dont_know'],doubts/check in date,doubts/date/check in
fold3,Please tell me that one more time,['repeat'],tell me/one more time,one more time
fold3,"Hello, I am calling due to some issues with online check in.","['greet', 'wrong_notworking_notshowing']",online check in,online check in/Hello
fold3,I need to speak to someone at the restaurant.,['handoff'],speak to someone/restaurant,restaurant/speak to someone
fold3,"I'll arrive earlier than what I thought, can I check in already at 12:45 p.m.?","['less_lower_before', 'request_info']",check in at 12:45 p.m./arrive earlier,check in/arrive
fold3,when do i need to leave the room my last day?,['when'],when/do i need to leave the room,leave the room/when
fold3,"I will be late for my 10 to 4 afternoon restaurant reservation, it's dalana palomares",['more_higher_after'],10 to 4 afternoon restaurant reservation/late,late/restaurant reservation
fold3,"yep, book it under jon!",['affirm'],yep/book it under jon,book it/yep
fold3,i don't have a booking yet,['new'],booking yet/i don't have,booking/don't have a
fold3,I'll be arriving with my 4 dogs. Can they enter the premises?,['request_info'],4 dogs/arriving,arriving/4 dogs
fold3,no no not right now,['deny'],not right now/no,no no not right now
fold3,internet is not working,['wrong_notworking_notshowing'],internet/not working,internet is not working
fold3,is it possible to reserve a treadmill in the gym?,['request_info'],reserve a treadmill,gym/reserve
fold3,whats the price of skincare treatments?,['how_much'],skincare treatments,skincare treatments/price
fold3,Lost property,['lost_stolen'],property/Lost,property/Lost
fold3,"I might pick up a rental car, do you have parking on site",['request_info'],parking/rental car,parking on site
fold3,I want to stay tomorrow night,['make_open_apply_setup_get_activate'],stay/tomorrow night,tomorrow night
fold3,i cant make it to my restaurant booking at 2:10 night,['cancel_close_leave_freeze'],at 2:10/i cant make it to my restaurant booking/at 2:10 night,make it/restaurant booking
fold3,please just cancel that booking for murad as I got ill.,['cancel_close_leave_freeze'],booking/cancel,cancel/booking
fold3,i need to change the time of my makeup service tomorrow,['change'],tomorrow/change/time/makeup service,time/change
fold3,How do I order caesar salad,['request_info'],How do I order/caesar salad,order caesar salad/How do I
fold3,I have a booking,['existing'],booking,booking
fold3,6 15 I have a table booking,['existing'],15/6/table booking,table booking
fold3,I need a dinning reservation for 5 people on March 13th at 9 pm,['make_open_apply_setup_get_activate'],dinning reservation/March 13th/5 people/9 pm,dinning reservation
fold3,I just want to change some details of my hotel booking,['change'],change/details,hotel booking/change
fold3,I want to change one,['change'],change,change
fold3,I'd like to make a reservation for 5 people from Sunday 10 July,['make_open_apply_setup_get_activate'],5 people/Sunday 10 July/make a reservation,Sunday 10 July/make a reservation/5 people
fold3,I would like to book a hotel for 2 nights for 6 in three rooms for Friday to Sunday so we can go drinking,['make_open_apply_setup_get_activate'],book a hotel/2 nights/Friday to Sunday/6 in three rooms/go drinking,hotel/2 nights/Friday to Sunday/book
fold3,I would like to stay for a fortnight in the cheapest room you have,['make_open_apply_setup_get_activate'],cheapest room/fortnight,fortnight/cheapest room/stay
fold3,I would to book a weekend away for myself and my husband for the 29 May please.,['make_open_apply_setup_get_activate'],book a weekend away/29 May,29 May/book
fold4,a new one thanks,"['new', 'thank']",new/thanks,thanks/new
fold4,when should I expect my booking refund?,['when'],booking refund/when,when should I expect/refund/booking
fold4,how long does a foot massage take?,['how_long'],foot massage/how long,how long/foot massage
fold4,are the rooms adapted to reduced mobility?,['request_info'],adapted to reduced mobility/rooms,rooms/adapted/reduced mobility
fold4,i am clueless,['dont_know'],clueless,clueless
fold4,"Cheerio, bye",['end_call'],bye/Cheerio,Cheerio/bye
fold4,"Hey, I locked myself out of the room, please help!","['wrong_notworking_notshowing', 'greet']",please help/locked myself out,locked myself out of the room/please help
fold4,is the pool open before quarter to 9,['less_lower_before'],open before quarter to 9/pool,before quarter to 9/pool
fold4,when can i check in,['when'],check in/when,check in/when
fold4,can i book a table for after 12:25 night,"['more_higher_after', 'make_open_apply_setup_get_activate']",after 12:25 night/book a table,after 12:25 night/book
fold4,"yeah, the booking under normand dasher is for tonight.",['affirm'],booking/tonight,yeah/tonight/booking
fold4,Can I also access wifi at the pool?,['request_info'],at the pool/access wifi,wifi/pool
fold4,Can I bring pets,['request_info'],pets,bring pets
fold4,"no, just cancel that booking under taiwo lis and don't bother","['deny', 'cancel_close_leave_freeze']",booking/cancel,cancel that booking/no
fold4,wireless in my room has not been working since yesterday afternoon,['wrong_notworking_notshowing'],/wireless/not been working since yesterday afternoon,has not been working/since yesterday afternoon/wireless
fold4,tv is just dead,['wrong_notworking_notshowing'],tv/dead,tv is just dead
fold4,Is there an iron in the room?,['request_info'],iron,iron/room
fold4,What exercise options are there?,['request_info'],exercise options,exercise options
fold4,whats the price of an exfoliation session?,['how_much'],exfoliation session,price/exfoliation session
fold4,i can't find my keys,['lost_stolen'],keys/can't find,keys/can't find
fold4,The parking is free right?,['request_info'],parking/free,free/parking
fold4,"I want to book from Monday night, checkout Saturday",['make_open_apply_setup_get_activate'],book/Monday night/checkout/Saturday,Monday night/checkout Saturday/book
fold4,"I have a booking for 10 people at 1 05 afternoon under the name oehler, I'm sorry but I need to cancel it.","['existing', 'cancel_close_leave_freeze']",booking/cancel,cancel/booking
fold4,i have an existing booking under zeno and i need to change the checkin to the 10th Jul,"['change', 'existing']",change the checkin to the 10th Jul/existing booking,existing booking/checkin/change
fold4,can I book a slot to do my hair at 6 20 in the evening?,['make_open_apply_setup_get_activate'],book a slot/6 20 in the evening/do my hair,slot/book
fold4,any table free in 2 hours?,['request_info'],free in 2 hours/any table,any table free/in 2 hours
fold4,can I update my hotel reservation to include more people?,"['change', 'existing']",more people/update/hotel reservation,update/more people/hotel reservation
fold4,do you have free tables at 10:30 p.m.,['make_open_apply_setup_get_activate'],10:30 p.m./free tables,free tables/10:30 p.m.
fold4,I'd like to change my room booking please,['change'],room booking/change,room booking/change
fold4,"I would like to make a booking for the VIP room for one week, that accommodates 5 people comfortably.",['make_open_apply_setup_get_activate'],one week/5 people/booking/VIP room,VIP room/make a booking/one week
fold4,Hi I'd like a double room plus cot for 1 adults and a toddler. We'll stay for 5 nights from 4th to 9 October 2017,['make_open_apply_setup_get_activate'],toddler/Hi/4th to 9 October 2017/double room plus cot/5 nights/1 adults,4th to 9 October 2017/1 adults and a toddler/Hi/cot/5 nights/double room
fold4,I like to book a reservation,['make_open_apply_setup_get_activate'],book/reservation,reservation/book
fold5,"thanks, I'll leave the room before 7:25 a.m..","['thank', 'cancel_close_leave_freeze']",before 7:25 a.m./leave the room/thanks,thanks/leave/before
fold5,what is the reason for not being able to book for the 22nd of Nov,"['why', 'wrong_notworking_notshowing', 'make_open_apply_setup_get_activate']",22nd of Nov/not being able to book,reason/not being able to book
fold5,how to do that?,['how'],to do that/how,how
fold5,how to do it?,['how'],how to do it,how
fold5,how  do I do it?,['how'],do I do it/how,how
fold5,how  do I do that?,['how'],how,how
fold5,what is the maximum number of people for a room?,"['limits', 'how_much', 'more_higher_after']",maximum number/room/people,maximum number/room
fold5,"ok, that is all","['acknowledge', 'end_call']",ok/that is all,that is all/ok
fold5,Pardon?,['repeat'],Pardon,Pardon
fold5,"hi, can I modify my booking, its under towe","['greet', 'change']",modify my booking/under towe/hi,hi/modify/booking
fold5,I want to speak to the restaurant,['handoff'],speak/restaurant,restaurant/speak
fold5,need to change the time of my lunch booking to earlier,"['change', 'less_lower_before']",earlier/change/time of my lunch booking,booking/earlier/change
fold5,What time will the room be ready?,['when'],What time/room,What time/room be ready
fold5,i overslept and will need to check out late,['more_higher_after'],check out late,check out/late
fold5,yeah I have one,"['existing', 'affirm']",yeah,yeah/have one
fold5,wana make a new one,"['make_open_apply_setup_get_activate', 'new']",make a new one/wana,make/new
fold5,is the outdoor pool near the lobby,['request_info'],outdoor pool/lobby,outdoor pool/lobby
fold5,i lost my dog,['lost_stolen'],my dog/lost,lost
fold5,"no, not me, it's only my wife and our son and 4 daughters",['deny'],it's only my wife and our son and 4 daughters/no/not me,no
fold5,Why is the internet so slow?,['wrong_notworking_notshowing'],Why/internet/slow,internet/slow/Why
fold5,I'd like to move to another room as heating is down in the current one.,"['change', 'wrong_notworking_notshowing', 'existing']",heating is down/move to another room/current one,heating is down/move to another room/current one
fold5,Is there somewhere to workout,['request_info'],workout,workout
fold5,I think I might have left one of my bags somewhere,['lost_stolen'],left one of my bags,left
fold5,where can i park my car next Tuesday,['request_info'],next Tuesday/where/park my car,next Tuesday/park
fold5,please cancel my 5 to 18 acupuncture appointment under shley,['cancel_close_leave_freeze'],acupuncture appointment/cancel,cancel/appointment
fold5,"I want to change my reservation for the 24th please, its under devon solari",['change'],devon solari/change/24th/reservation,devon solari/change my reservation/the 24th
fold5,where can i get a spa,['request_info'],where can i get/spa,get/spa
fold5,I receive something in the mail about a free room,['request_info'],free room,mail/free/receive/room
fold5,can i have the lunch delivered to my room at 1 p.m.?,['make_open_apply_setup_get_activate'],lunch delivered/1 p.m.,1 p.m./lunch delivered to my room
fold5,Send us some doughnuts and milk for breakfast tomorrow.,['make_open_apply_setup_get_activate'],milk/doughnuts,breakfast
fold5,"already have one, want to change it","['existing', 'change']",have one/already/want to change it,change it/already have one
fold5,can i book a table at 25 to 8 p.m.,['make_open_apply_setup_get_activate'],book a table/25 to 8 p.m.,25 to 8 p.m./book
fold5,I need to amend my the number of nights,['change'],number of nights/amend,amend/number of nights
fold5,I need to change my the number of nights,['change'],number of nights/change,number of nights/change
fold5,I'd like to book accommodation for two nights from the 17 - 19 July for 9 pax of which two are children ages 6 and 9.,['make_open_apply_setup_get_activate'],9 pax/two nights/17/book accommodation/two children ages 6 and 9,book
fold5,Have you got a family room for three nights from Wednesday?,['make_open_apply_setup_get_activate'],Wednesday/family room/three nights,family room/Wednesday/three nights
fold5,I need a room for my family consisting of 5 adults.,['make_open_apply_setup_get_activate'],5 adults/room/family,room
fold5,Do you have availability for the 3rd to the 14th?,['make_open_apply_setup_get_activate'],3rd to the 14th/availability,availability/3rd to the 14th
fold6,Why didn't housekeeping clean my room this morning?,['why'],this morning/Why/my room/didn't housekeeping clean,clean my room/housekeeping/Why
fold6,how can i change it?,"['how', 'change']",change/how,how/change
fold6,is there any upper limit on wifi use?,"['limits', 'request_info']",wifi use/upper limit,wifi/upper limit
fold6,"all good, adios!","['acknowledge', 'end_call']",all good/adios,adios/all good
fold6,Sorry I didn't get that,['repeat'],Sorry,Sorry I didn't get that
fold6,"Hi, got a question about the room service menu",['greet'],room service menu,Hi/question about the room service menu
fold6,Transfer me to room service,['handoff'],Transfer me/room service,Transfer/room service
fold6,Do you offer any discounts on your hotel restaurant for your guests?,"['request_info', 'less_lower_before']",discounts/hotel restaurant,guests/discounts/restaurant
fold6,"can you tell me about the details of check in please, ill be arriving around 1:40 p.m.",['request_info'],check in/arriving around 1:40 p.m.,arriving around 1:40 p.m./tell me about the details of check in
fold6,what time can I check out tomorrow?,['when'],check out tomorrow/what time,what time/check out
fold6,The price is higher than what we agreed 3 days ago. Is it because of parking or what?,"['more_higher_after', 'request_info']",parking/price is higher/what we agreed 3 days ago,higher/what?/parking
fold6,yes amazing,['affirm'],amazing/yes,amazing/yes
fold6,where on earth is the indoor pool,['request_info'],indoor pool,indoor pool/where
fold6,What pets are allowed,['request_info'],pets/allowed,allowed/pets
fold6,"no, it was about the booking already made a couple of days ago.","['deny', 'existing']",booking,booking/already made/no
fold6,I can't get online on the hotel wifi.,['wrong_notworking_notshowing'],hotel wifi,wifi/can't get online
fold6,"I want to book a room for tonight only, but it doesn't seem to work.","['make_open_apply_setup_get_activate', 'wrong_notworking_notshowing']",book a room/doesn't seem to work,tonight only/doesn't seem to work/book a room
fold6,do you have cable TV in the rooms?,['request_info'],cable TV/rooms,cable TV/rooms
fold6,do you have exercise bikes,['request_info'],exercise bikes,exercise bikes/do you have
fold6,pedicure price,['how_much'],price/pedicure,pedicure/price
fold6,my laptop is missing from my room,['lost_stolen'],missing/laptop/room,missing
fold6,We want to double check that free and overnight parking are covered.,['request_info'],free and overnight parking,parking/double check
fold6,What's going on? We've been at the reception desk for 20 minutes already!,['request_info'],What's going on?/We've been at the reception desk for 20 minutes already!,20 minutes/reception desk
fold6,"already have one, want to cancel it","['cancel_close_leave_freeze', 'existing']",already/want to cancel,want to cancel it/already have one
fold6,book a skincare session Saturday at quarter past 5 afternoon,['make_open_apply_setup_get_activate'],book/quarter past 5/Saturday/skincare session/afternoon,Saturday/skincare session/quarter past 5 afternoon/book
fold6,I want something to eat inside the room,['make_open_apply_setup_get_activate'],want something to eat/inside the room,inside the room/something to eat
fold6,I'd like to change the date of my room booking please,"['change', 'existing']",room booking/change date,room booking/change
fold6,book a table for 5,['make_open_apply_setup_get_activate'],for 5/book a table,book
fold6,can I update a room booking?,['change'],update a room booking,update/room booking
fold6,I'd like to book a single room for one adult for one night on the 9th of February,['make_open_apply_setup_get_activate'],one adult/book a single room/9th of February/one night,one night/book/single room/9th of February/one adult
fold6,I need to stay in your hotel for 5 nights please.,['make_open_apply_setup_get_activate'],hotel/stay,hotel/stay
fold6,I'd like to book from October 31 for 6 nights,['make_open_apply_setup_get_activate'],book/October 31/6 nights,October 31/6 nights/book
fold7,wifi's been stuck since 5 to 11 evening,['wrong_notworking_notshowing'],since 5 to 11 evening/wifi's been stuck,wifi/stuck/5 to 11 evening
fold7,Why is your check-in procedure so complicated? I spent 3 hours trying to do that yesterday!,"['why', 'wrong_notworking_notshowing']",Why/check,check/Why
fold7,How can I cancel my room?,"['cancel_close_leave_freeze', 'how']",my room/cancel,cancel/How/room
fold7,any limits on how many times I can go to the pool daily?,"['how_much', 'limits']",how many times/limits/go to the pool daily,pool/limits
fold7,"Sure, I'll confirm tomorrow, bye!","['acknowledge', 'end_call']",bye/confirm/tomorrow,Sure/bye
fold7,Sorry what was that?,['repeat'],Sorry/what was that?,Sorry what was that
fold7,"Hi, can I get some food delivered",['greet'],Hi/can I get some food delivered,Hi/get some food delivered
fold7,Can I speak directly with the reception?,"['request_info', 'handoff']",speak directly with,reception/speak directly
fold7,"your competitors have lower prices, check them out!",['less_lower_before'],competitors have lower prices,lower/prices
fold7,when do i need to check out?,['when'],when/check out,check out/when
fold7,Modify our current reservation as we'd like to leave slightly later.,"['change', 'existing', 'more_higher_after']",Modify/our current reservation/leave slightly later,leave slightly later/current reservation/Modify
fold7,please change the date and add more people to the booking as I told you,"['change', 'more_higher_after']",change the date/add more people to the booking,booking/change/more people/add/date
fold7,"that's great, much appreciated",['affirm'],much appreciated/that's great,much appreciated/that's great
fold7,what are the working times of the gym and the pool?,['request_info'],pool/working times/gym,working times/pool/gym
fold7,Can I bring a snake?,['request_info'],bring a snake,bring a snake
fold7,"no, out of the question",['deny'],out of the question/no,out of the question/no
fold7,"wifi works fine on my phone, but not on my laptop.",['wrong_notworking_notshowing'],wifi/works fine/on my laptop,wifi/not
fold7,Does the hotel have fitness facilities?,['request_info'],fitness facilities,fitness facilities
fold7,How much is it exactly again?,['how_much'],exactly again/How much,How much/exactly again
fold7,I lost my wallet in the bar,['lost_stolen'],wallet/lost,lost/wallet
fold7,do you have free parking,['request_info'],free parking,parking/do you have
fold7,I need to make a cancellation. It was for half past 0 p.m. and was for 4 people.,['cancel_close_leave_freeze'],4 people/make a cancellation/half past 0 p.m.,make a cancellation
fold7,"hi this is kaytie, alter hotel reservation for 4 on the 5th of Jan till the 13th",['change'],alter hotel reservation/4 on the 5th of Jan till the 13th,hi/5th of Jan till the 13th/alter hotel reservation
fold7,Where can I order steak,['request_info'],Where can I order steak,order steak
fold7,Can I get a hairdryer,['make_open_apply_setup_get_activate'],hairdryer,hairdryer/get
fold7,Can I get a towel,['make_open_apply_setup_get_activate'],Can I get a towel,towel/get
fold7,Can I get a toothbrush,['make_open_apply_setup_get_activate'],toothbrush,toothbrush/get
fold7,existing booking,['existing'],booking/existing,booking/existing
fold7,At 8pm I have a dinner booking.,['existing'],dinner booking,dinner booking/8pm
fold7,i need to change a restaurant reservation,['change'],restaurant reservation/change,restaurant reservation/change
fold7,change the booking to checkout the 26th,['change'],change/booking/checkout the 26th,booking/checkout/change
fold7,Can I get a room for 5 people for 7 nights from May 26,['make_open_apply_setup_get_activate'],room for 5 people/7 nights/May 26,7 nights/May 26/5 people/room
fold7,I want to book a king suite for the night of the 25th,['make_open_apply_setup_get_activate'],night of the 25th/book a king suite,night of the 25th/king suite/book
fold7,I want to book a hotel for two adults and one kid,['make_open_apply_setup_get_activate'],one kid/two adults/book a hotel,book
fold8,Can I check in Sunday between 8 and 10?,['request_info'],Sunday/check in,check in
fold8,much appreciated,['thank'],much appreciated,much appreciated
fold8,Why did you increase the price of your room service this year?,"['why', 'more_higher_after']",Why/room service/increase the price,increase the price/room service/Why
fold8,How can I check in online on your webpage?,['how'],check in online/webpage,webpage/check in/online
fold8,We need a room from the 24th to the 4th . We need an accessible room. It is for one adult and one child.,['make_open_apply_setup_get_activate'],one adult/accessible room/one child,accessible room/24th to the 4th/room
fold8,"That's right, I'd like to change it and check in 2 days at 0:10.","['acknowledge', 'change']",change/check in 2 days/0:10,check in/change
fold8,see you soon,['end_call'],see/you/soon,see you soon
fold8,"hi, jamesha hamlett here, i have an spa slot booked at 0:10 a.m. and i need to cancel it","['greet', 'cancel_close_leave_freeze']",0:10 a.m./spa slot booked/hi/cancel,hi/cancel it/spa slot
fold8,get me your manager on the line,['handoff'],your manager/get me,get me your manager
fold8,Is the cost lower if I book for 5 nights?,"['request_info', 'less_lower_before']",Is the cost lower/book for 5 nights,lower/book
fold8,what time does the pool close?,['when'],close/pool,what time/close/pool
fold8,I slept in a bit and will not have to check out late. Is that ok?,"['request_info', 'more_higher_after']",not have to/slept in,check out
fold8,"That's right, I am coming in 3 days with my 3 sons and our dog.",['affirm'],3 sons/our dog/3 days,That's right/3 sons/dog/coming in 3 days
fold8,its a new reservation,['new'],new/reservation,reservation/its a/new
fold8,I lost my two dogs at the pool this morning.,['lost_stolen'],dogs/pool/lost,lost/pool
fold8,"no, i never said that, it was for 5 nights!",['deny'],no/5 nights,5 nights/never said that/no
fold8,the hairdryer is broken,['wrong_notworking_notshowing'],hairdryer/broken,broken
fold8,I want to get an extra towel,['make_open_apply_setup_get_activate'],extra towel,get/extra towel
fold8,I want to get an extra toothbrush,['make_open_apply_setup_get_activate'],extra toothbrush,extra toothbrush/get
fold8,I want to get an extra hairdryer,['make_open_apply_setup_get_activate'],hairdryer/extra,hairdryer/get
fold8,I want to get an extra blanket,['make_open_apply_setup_get_activate'],extra blanket,extra blanket/get
fold8,I want to get an extra shampoo,['make_open_apply_setup_get_activate'],extra shampoo,get/extra shampoo
fold8,Where is the gym?,['request_info'],gym,gym/Where
fold8,whats the price of a manicure,['how_much'],manicure,whats the price/manicure
fold8,i've lost my wallet,['lost_stolen'],wallet/lost,lost/wallet
fold8,let me book for tonight,['make_open_apply_setup_get_activate'],book/for tonight,book for tonight
fold8,Kindly cancel the lunch booking for 4 at 11:45 am under kasha.,['cancel_close_leave_freeze'],lunch booking/kasha/11:45 am/cancel,cancel/booking
fold8,"natonya here, change reservation for 3 adults and 5 children",['change'],change reservation/3 adults and 5 children,reservation/change
fold8,is there a steam room,['request_info'],is there/steam room,steam room
fold8,"Hi, got a question about the room service menu",['request_info'],room service menu,Hi/room service
fold8,it's an existing booking,['existing'],booking/existing,booking/existing
fold8,My table is booked for 3 of us at 17 30 in 2 days,['existing'],3 of us/booked/17 30,booked/table
fold8,Reserve a table in the restaurant for 5 people for 2 00 afternoon,['make_open_apply_setup_get_activate'],5 people/Reserve a table/restaurant/2 00 afternoon,restaurant/Reserve
fold8,"I want to shift my booking to next Tuesday, I'll be coming around 9:45 in the evening.",['change'],next Tuesday/9:45 in the evening/shift my booking,shift my booking/next Tuesday/9:45 in the evening
fold8,can I upgrade a reservation to a premium suite,['change'],premium suite/reservation/upgrade,reservation/upgrade
fold8,9 adults looking for a double room for nights from 5 to 23 January,['make_open_apply_setup_get_activate'],nights/double room/5 to 23 January/9 adults,double room/nights from 5 to 23 January
fold8,I would like to stay from the 12th to the 17th if possible.,['make_open_apply_setup_get_activate'],17th/stay/12th,stay from the 12th to the 17th
fold8,I need to make a reservation for my mom,['make_open_apply_setup_get_activate'],make a reservation,make/reservation
fold9,"thats all, thank you","['thank', 'end_call']",thats all/thank you,thats all/thank you
fold9,how long does a pedicure take?,['how_long'],pedicure/how long,how long
fold9,is the restaurant adapted to people with reduced mobility?,['request_info'],restaurant/adapted to people with reduced mobility,adapted to people with reduced mobility/restaurant
fold9,don't really know that,['dont_know'],don't really know,don't really know/that
fold9,Repeat,['repeat'],Repeat,Repeat
fold9,hi can i make a spa booking for Tuesday at 10 past 16 for 2 people,"['greet', 'make_open_apply_setup_get_activate']",spa booking/Tuesday/10 past 16/2 people,hi/make a spa booking/spa
fold9,"yeah, I want to speak to the reception.","['affirm', 'handoff']",speak to the reception,yeah/speak to the reception
fold9,I wish to check out at your earliest convenience.,"['make_open_apply_setup_get_activate', 'less_lower_before']",check out,check out
fold9,I want a check in after 23:15,['more_higher_after'],check in/after 23:15,check in/after 23:15
fold9,When do I have to tell you the exact number of people coming?,['when'],When,When/exact number of people
fold9,"I might be slightly late for my dinner reservation, please delay it to 10:10 in the morning.","['more_higher_after', 'change']",delay/dinner reservation/late/10:10 in the morning,dinner reservation/delay/10:10 in the morning
fold9,i haven't done a reservation before,['new'],haven't done/before/reservation,haven't done a reservation before
fold9,what is the location of the pool,['request_info'],location/pool,location/pool
fold9,what is your pet policy,['request_info'],pet policy,pet/policy
fold9,definitely not,['deny'],not/definitely,definitely not
fold9,The WiFi isn't working,['wrong_notworking_notshowing'],isn't working/WiFi,WiFi/isn't working
fold9,ac is totally broken,['wrong_notworking_notshowing'],totally broken/ac,broken
fold9,i think i forgot my phone in the gym,['lost_stolen'],gym,gym/forgot my phone
fold9,how much is dinner?,['how_much'],how much/dinner,how much/dinner
fold9,i can't seem to find my watch,['lost_stolen'],watch/find,watch/can't seem to find
fold9,i'd like to hear about overnight parking,['request_info'],overnight parking,hear about/overnight parking
fold9,keep that booking under greogry for the next 24 hours please!,['make_open_apply_setup_get_activate'],next 24 hours/booking,greogry/next 24 hours/booking
fold9,"I am ashok arwood, I need to cancel my 6 55 morning restaurant reservation",['cancel_close_leave_freeze'],restaurant reservation/morning/cancel,cancel/restaurant reservation
fold9,I already made a booking under the same name.,['existing'],booking/under the same name,booking
fold9,Does room service also works if I order something to spa?,['request_info'],room service/order something to spa,room service/spa
fold9,Would 25 past 1 p.m. be okay,['request_info'],25 past 1 p.m.,25 past 1 p.m.
fold9,Room service order to room 1032,['make_open_apply_setup_get_activate'],Room service/room 1032,Room service/room 1032
fold9,Ive got a reservation for 2 nights starting on 23rd of Feb,['existing'],2 nights/reservation/starting on 23rd of Feb,2 nights/reservation/23rd of Feb
fold9,I'd like to book a table at the hotel restaurant for the two of us.,['make_open_apply_setup_get_activate'],book a table/restaurant,restaurant/book
fold9,change booking,['change'],change/booking,booking/change
fold9,change dates of a room booking,['change'],change dates/room booking,room booking/change dates
fold9,"Please could I book a room for 4 people, 2 nights, 23rd Mar?",['make_open_apply_setup_get_activate'],book a room/4 people/23rd Mar/2 nights,23rd Mar/2 nights/4 people/book a room
fold9,"Can I get a honeymoon suite from now until next Tuesday, just for one?",['make_open_apply_setup_get_activate'],from now until next Tuesday/just for one/honeymoon suite,honeymoon suite/next Tuesday/get
fold9,book in 2 days for 2 nights,['make_open_apply_setup_get_activate'],book/2 nights/2 days,2 days/2 nights/book
fold10,"I've got no more questions about that booking, thanks!",['thank'],about that booking/no more questions/thanks,no more questions/thanks/booking
fold10,how long can I stay at the gym?,['how_long'],how long/stay at the gym,how long/gym
fold10,i am still deciding how many nights i want to stay,['dont_know'],i want to stay/how many nights,want to stay/how many nights
fold10,gotta get going,['end_call'],gotta/get going,get going
fold10,"Hi, I checked out yesterday, and it seems that I lost my credit card somewhere in the room.","['greet', 'lost_stolen']",Hi/lost my credit card,Hi/lost/checked out/room/credit card
fold10,i need to check in before 11:00,['less_lower_before'],before 11:00/check in,check in/before
fold10,what time does check in finish?,['when'],check in,what time/check in
fold10,when do you start serving dinner?,['when'],when/start serving dinner,serving dinner/when
fold10,can I stay in the pool after 8:10 evening,"['request_info', 'more_higher_after']",pool/stay/after 8:10 evening,after 8:10 evening/stay in the pool
fold10,"Correct, one room without kitchen.",['affirm'],Correct/one room without kitchen,Correct/one room without kitchen
fold10,a new one,['new'],new,new
fold10,Is it ok if I bring some pets,['request_info'],pets,pets
fold10,"no, it's my wife coming with two kids, the name is Maria Stone.",['deny'],Maria Stone/two kids/wife,wife/kids/name/no
fold10,is there wi-fi in the room?,['request_info'],in the room/wi,room/wi
fold10,the TV is not showing any channel,['wrong_notworking_notshowing'],TV/not showing any channel,channel/not showing
fold10,Is the gym open yet?,['request_info'],open/gym/yet,gym/open
fold10,how much does a single room cost?,['how_much'],a single room/how much,cost/how much/single room
fold10,I might have forgotten my wallet in the lobby,['lost_stolen'],wallet/lobby/forgotten,forgotten my wallet/lobby
fold10,how far away is the parking lot,['request_info'],how far away/parking lot,parking lot/how far
fold10,I need to cancel the manicure i booked for tomorrow,['cancel_close_leave_freeze'],booked for tomorrow/manicure/cancel,cancel/manicure i booked/tomorrow
fold10,"I want to cancel my dinner reservation, the name is emelda cerezo.",['cancel_close_leave_freeze'],dinner reservation/cancel,cancel/dinner reservation
fold10,i had a massage booked massage for Jun 2nd at 12 30,['existing'],massage booked/Jun 2nd,booked/massage/Jun 2nd at 12 30
fold10,do you have chinese restaurants onsite,['request_info'],chinese restaurants,onsite/chinese restaurants
fold10,Ive booked a 3 night stay at the hotel from 16 June,['existing'],3 night stay/16 June/booked,booked/16 June/3 night stay/hotel
fold10,I have a dinner reservation for 7:30pm,['existing'],dinner reservation/7:30pm,dinner reservation/7:30pm
fold10,book for lunch at around 1 pm,['make_open_apply_setup_get_activate'],book/lunch/1 pm,1 pm/lunch/book
fold10,I want to modify my reservation,['change'],modify/reservation,modify/reservation
fold10,Can I change the number of double rooms to 3?,['change'],change/number of double rooms,double rooms/number/change
fold10,A room for one for one night on the 9 Dec,['make_open_apply_setup_get_activate'],A room for one/one night,9 Dec/one night/room
fold10,We are a party of 4 adults wanting to stay from the 7th to 9th inclusive in your best room,['make_open_apply_setup_get_activate'],best room/party of 4 adults/stay from the 7th to 9th inclusive,party of 4 adults/stay from the 7th to 9th inclusive/best room
fold10,I'd like a single room with bed and breakfast on the 11th of Mar,['make_open_apply_setup_get_activate'],11th of Mar/bed and breakfast/single room,11th of Mar/bed and breakfast/single room
fold10,Can you provide me with 3 nights accommodation,['make_open_apply_setup_get_activate'],3 nights/accommodation,3 nights accommodation
fold11,why can't I get a refund?,"['why', 'wrong_notworking_notshowing']",can't I get a refund/why,refund/why/get
fold11,when does housekeeping usually come in the mornings?,['when'],when/housekeeping,housekeeping/when
fold11,what is the minimum staying time for the honeymoon suite,"['less_lower_before', 'limits', 'how_long']",minimum staying time/honeymoon suite,honeymoon suite/staying time/minimum
fold11,Is it possible to access the gym in a wheelchair?,['request_info'],access the gym,gym/access
fold11,no idea man,['dont_know'],no idea/man,no idea
fold11,Have a good one!,['end_call'],Have a good one,good one
fold11,"Hi, it's katty calling, can I speak with your manager?","['greet', 'handoff']",can I speak with your manager?/Hi,can I speak with your manager/Hi
fold11,what time does check in start?,['when'],check in/start,check in/start
fold11,is it possible to check out after 8:00 evening?,"['request_info', 'more_higher_after']",after 8:00 evening/check out,check out/after 8:00 evening
fold11,Is it possible to upgrade my booking to add some more people?,"['change', 'existing', 'more_higher_after']",add some more people/booking/upgrade,add some more people/upgrade/booking
fold11,yes new reservation,"['affirm', 'new']",yes/new reservation,reservation/new/yes
fold11,"No, instead i want my booking to be at 5 10 p.m.","['deny', 'change']",booking,No/booking
fold11,I can't seem to connect to the wifi.,['wrong_notworking_notshowing'],connect/wifi,connect to the wifi
fold11,phone in the room doesn't work,['wrong_notworking_notshowing'],in the room/doesn't work/phone,phone doesn't work
fold11,could I get a pc monitor in my room,['make_open_apply_setup_get_activate'],pc monitor/my room,monitor/get
fold11,Can I lift weights?,['request_info'],lift weights,lift weights
fold11,how much does parking cost,['how_much'],parking/cost,how much/parking
fold11,i'd like to order some food to room 237.,['make_open_apply_setup_get_activate'],room 237/order/food,room 237/order some food
fold11,I have a guest here who needs to check lost and found please,['lost_stolen'],check lost and found/guest,lost/check
fold11,"I can't find the fob for my room, it's just gone.",['lost_stolen'],fob/my room,fob/my room
fold11,Is there any free parking close to the spa?,['request_info'],free parking/close to the spa,free parking/spa
fold11,is in-room dining still available late at night,['request_info'],available late at night/in,in/late at night
fold11,cancel the massage booking under hayward rhyne,['cancel_close_leave_freeze'],massage booking/cancel,cancel/booking
fold11,amend hotel reservation under kyonna to include 9 kids,['change'],amend/kyonna/include 9 kids/hotel reservation,under kyonna/amend/9 kids/hotel reservation
fold11,i have booked the spa for later today,['existing'],later today/booked the spa,booked/spa
fold11,where are the restaurants,['request_info'],restaurants,restaurants/where
fold11,Bring some wine to my room in 45 minutes!,['make_open_apply_setup_get_activate'],wine/45 minutes/my room,45 minutes/my room
fold11,i already have one,['existing'],have one/already,have
fold11,I want to change my booking to 9 adults,['change'],change/booking,booking/change
fold11,Can I book from the 24th to the 25th for two people?,['make_open_apply_setup_get_activate'],book/from the 24th to the 25th/two people,two people/the 24th to the 25th/book
fold11,I want to reserve a room for in 5 days,['make_open_apply_setup_get_activate'],in 5 days/reserve a room,in 5 days/reserve/room
fold11,I would like to book a hotel for 1 nights for 8 adults in three rooms for Wednesday to Thursday so we can go drinking,['make_open_apply_setup_get_activate'],Wednesday to Thursday/three rooms/book a hotel/8 adults/1 night/go drinking,book/Wednesday to Thursday/hotel/1 nights/three rooms/8 adults
fold11,I'm trying to come in today,['make_open_apply_setup_get_activate'],come in/today,come in/today
fold12,how can I ask for a refund?,['how'],ask for a refund/how,ask for a refund/how
fold12,I'd very much like to have a chat with some of your cleaners directly.,['handoff'],chat,directly/chat/cleaners
fold12,how long will the gym be closed?,"['how_long', 'wrong_notworking_notshowing']",closed/how long/gym,how long/gym
fold12,"He's not sure yet, but probably on Saturday next week",['dont_know'],Saturday next week/not sure yet,not sure yet/Saturday next week
fold12,goodbye then,['end_call'],goodbye,goodbye then
fold12,is it possible to book the restaurant for dinner before 7:00pm?,"['less_lower_before', 'request_info']",book/before 7:00pm/restaurant/dinner,restaurant/before/book
fold12,can i check in in the morning,['request_info'],check in/morning,in the morning/check in
fold12,when does the restaurant open for breakfast?,['when'],restaurant open for breakfast/when,restaurant/when
fold12,anything free after the 28th?,"['request_info', 'more_higher_after']",after the 28th/anything/free,after/the 28th/free
fold12,"Yes, yes, it's a 3 night stay for 4.","['affirm', 'existing']",3 night stay/Yes,3 night stay/Yes
fold12,new,['new'],new,new
fold12,is there a pool on site,['request_info'],on site/pool,pool
fold12,What's your policy with cats?,['request_info'],policy/cats/existing (from policy)2. pets (from cats),cats
fold12,no way Jose!,['deny'],no way,way/no
fold12,"sorry to bug you, but the tv in my room stopped working all of a sudden.",['wrong_notworking_notshowing'],all of a sudden/stopped working/tv,sorry to bug you/tv in my room stopped working
fold12,is tv also covering foreign programme?,['request_info'],foreign programme/tv,foreign/programme
fold12,I think I lost my card to access the gym.,['lost_stolen'],card/access the gym/lost,lost/gym/card
fold12,how much is one double room for 2 adults and 2 children for 7 nights from Thursday,['how_much'],one double room/Thursday/7 nights/2 adults and 2 children/how much,from Thursday/2 adults and 2 children/7 nights/how much/double room
fold12,I'd very much like to book these 2 for tonight right now.,['make_open_apply_setup_get_activate'],book/tonight,tonight/book
fold12,my son's computer got stolen yesterday while we were in the spa!,['lost_stolen'],spa/stolen,stolen/spa
fold12,"sincere apologies but I won't be able to come for dinner this evening, please just cancel that.",['cancel_close_leave_freeze'],won't be able to come for dinner this evening/sincere apologies,cancel
fold12,I want to close my rewards program as I am not using it at all.,['cancel_close_leave_freeze'],not using it at all/close my rewards program,rewards program/close
fold12,where can i get skin renewal therapies,['request_info'],skin renewal therapies,skin renewal therapies/get
fold12,Has my luggage arrived from the airport? I really need my laptop.,['request_info'],my laptop/Has my luggage arrived,arrived/luggage
fold12,I want to order food,['make_open_apply_setup_get_activate'],order food,order/food
fold12,I'm booked to stay in the hotel from 20th to 24th of Mar,['existing'],20th to 24th of Mar/booked/stay in the hotel,20th/24th/booked to stay
fold12,I want to book a table at 17:05 in the afternoon for 1 people.,['make_open_apply_setup_get_activate'],1 people/book a table/afternoon/17:05,table/17:05/book
fold12,I need to amend my booking,['change'],amend/booking,amend/booking
fold12,I need to change my reservation,['change'],change/reservation,reservation/change
fold12,I need to change my booking,['change'],change/booking,booking/change
fold12,I need to amend my reservation,['change'],amend/my reservation,amend/reservation
fold12,I need to modify my reservation,['change'],modify/reservation/change (for modify)2. booking (for reservation),modify/reservation
fold12,I need to modify,['change'],modify,modify
fold12,We need a room for two adults and one toddler,['make_open_apply_setup_get_activate'],two adults/one toddler/room,room
fold12,A 2 bedroom suite for 4 adults. The room must be available from Tuesday to Wednesday,['make_open_apply_setup_get_activate'],2 bedroom suite/available from Tuesday to Wednesday/4 adults,from Tuesday to Wednesday/2 bedroom suite/4 adults
fold12,"We are looking to stay from 16th June to the 19th June for 3 nights. Itâ€™s for two adults, one child and a baby",['make_open_apply_setup_get_activate'],"two adults, one child and a baby/3 nights/stay from 16th June to the 19th June","3 nights/two adults, one child and a baby/16th June to the 19th June/stay"
fold12,I'd like to unlock this rewards programme that you offer.,['make_open_apply_setup_get_activate'],rewards programme/unlock,rewards programme/unlock
fold12,Could we please push the check out time to this afternoon please?,['change'],check out time/this afternoon,this afternoon/check out time
fold13,"I cancelled my booking 9 days ago, and still no refund...",['wrong_notworking_notshowing'],booking/cancelled/refund,cancelled my booking/no refund
fold13,My room wasn't cleaned today!,['wrong_notworking_notshowing'],wasn't cleaned/room/today,wasn't cleaned/room
fold13,How long do I need to wait before you confirm this booking?,['how_long'],confirm this booking/How long,How long/confirm/booking
fold13,Is there a toilet adapted for people in wheelchairs?,['request_info'],toilet/people in wheelchairs,toilet/adapted for people in wheelchairs
fold13,"I don't remember exactly, but I think it was Sunday 2 Jun.",['dont_know'],Sunday/2 Jun/I don't remember exactly,Sunday 2 Jun/I don't remember exactly/I think
fold13,Say it again if that's okay,['repeat'],Say it again,Say it again/if that's okay
fold13,to confirm my room they couldn't find it do you have a one someone there to talk to,"['handoff', 'existing']",do you have someone there to talk to/couldn't find it/confirm my room,someone there to talk to/confirm/couldn't find it/do you have a/room
fold13,can i check in earlier?,"['request_info', 'less_lower_before']",check in/earlier,check in/earlier
fold13,when does the gym open,['when'],open/gym,gym/open/when
fold13,I'd like to ask whether it's possible to do check out after 11am.,['request_info'],after 11am/check out,after 11am/check out
fold13,"yeah, increase it to 3 children.","['affirm', 'change', 'more_higher_after']","The intent here can be categorized under `more_higher_after`, which relates to increasing or adding more of something.Therefore, the identified intent for the query yeah, increase it to 3 children is `/increase it to 3 children",yeah/increase
fold13,new one,['new'],one/new,new
fold13,new one please,['new'],one/please/new,new
fold13,"no, we don't have kids or pets.",['deny'],we don't have kids or pets/no,kids/no
fold13,Do I have to pay for WiFi?,['how_much'],pay/WiFi,WiFi/pay
fold13,it seems that electricity is down,['wrong_notworking_notshowing'],electricity,electricity is down
fold13,"Room from 29th to 14th for 2 adults and one child, we need a cot bed",['make_open_apply_setup_get_activate'],2 adults and one child/29th to 14th/Room/cot bed,Room/29th to 14th/cot bed/2 adults and one child
fold13,And what about gyms and spas?,['request_info'],gyms/spas,gyms/spas
fold13,What's the typical cost of lunch menu for 1 of us?,['how_much'],lunch menu/typical cost,typical cost
fold13,I have lost my cloth,['lost_stolen'],lost,lost
fold13,Is there parking at the hotel?,['request_info'],parking/hotel,parking
fold13,I'd like to order some food to our room for tomorrow morning,['make_open_apply_setup_get_activate'],order/tomorrow morning/food,order/food/room
fold13,i need to cancel my pedicure,['cancel_close_leave_freeze'],pedicure/cancel,cancel/pedicure
fold13,"i need my restaurant booking time changed, im johnelle",['change'],restaurant booking time changed/johnelle,restaurant/changed/booking
fold13,do you have a hair salon slot for Saturday at 9:00 a.m.,['make_open_apply_setup_get_activate'],Saturday at 9:00 a.m./hair salon slot,Saturday/hair salon
fold13,what are the restaurant choices,['request_info'],choices/restaurant,restaurant/choices
fold13,Can I get some food up to me please,['make_open_apply_setup_get_activate'],food/get,up to me please/food
fold13,I have a room booking for next Saturday I am going to need to make some changes,"['existing', 'change']",make some changes/next Saturday/room booking,make some changes/room booking
fold13,I have a room booking for next Saturday I am going to need to make some amendments,"['existing', 'change']",room booking/make some amendments,amendments/make/room booking
fold13,a table for my son and my wife and I for 2:55 p.m.,['make_open_apply_setup_get_activate'],table/my wife/I/my son/2:55 p.m.,table/wife/2:55 p.m./son
fold13,I want to change my hotel booking,['change'],hotel booking/change,hotel booking/change
fold13,Can I book from the 26th to the 28th for two people?,['make_open_apply_setup_get_activate'],book/from the 26th to the 28th/for two people,book
fold13,"I need a suite from the 22nd to the 6 July, breakfast included",['make_open_apply_setup_get_activate'],22nd/suite,22nd to the 6 July/breakfast included/suite
fold13,We would like to stay for 8 nights in a double room.,['make_open_apply_setup_get_activate'],double room/stay for 8 nights,double room/8 nights/stay
fold13,I want to stay today,['make_open_apply_setup_get_activate'],stay/today,today/stay
fold14,"Yesterday you charged me for some room service that I didn't order, and I'm still waiting to get my money back...",['wrong_notworking_notshowing'],money back/room service,get my money back/room service
fold14,you should send someone to clean my room very soon.,['make_open_apply_setup_get_activate'],clean my room,clean my room
fold14,how long did I book that room for?,['how_long'],that room/how long/did I book,how long/room/book
fold14,"ok, can I just get some food to my room then","['acknowledge', 'make_open_apply_setup_get_activate']",get some food to my room,get/ok/food to my room
fold14,I cannot remember my room number.,['dont_know'],room number,room number/I cannot remember
fold14,please repeat that,['repeat'],please/repeat that,please repeat that
fold14,could you transfer me to the spa team please,['handoff'],spa/transfer,transfer/spa
fold14,is there any extra cost for arriving earlier than check in time?,"['how_much', 'less_lower_before']",check in time/arriving earlier/extra cost,arriving earlier/check in time/extra cost
fold14,please amend my checkin time to a later date.,"['change', 'more_higher_after']",amend/checkin time/later date,later date/amend/checkin time
fold14,What are the opening hours of the gym?,['when'],opening hours/gym,gym/opening hours
fold14,"please schedule later check out if possible, 12 would be good.","['make_open_apply_setup_get_activate', 'more_higher_after']",would be good/12/schedule later check out,12/later
fold14,"Yes, it goes without saying that the room needs to have a normal bath!",['affirm'],normal bath/Yes,bath/Yes/room
fold14,make me a new one,"['new', 'make_open_apply_setup_get_activate']",make me a new one,make/new
fold14,Where is the pool?,['request_info'],Where/the pool/is,pool
fold14,I have a booking for dinner for 4 today and would like to know if it's okay to bring along my shar-pei.,"['request_info', 'existing']",booking for dinner for 4/bring along my shar/today,bring along my shar/dinner/booking
fold14,nope nope nope,['deny'],nope,nope
fold14,I don't have internet,['wrong_notworking_notshowing'],don't have internet,internet/don't
fold14,How much for a single room with gym access?,['how_much'],gym access/single room/How much,gym/how much/single room
fold14,do you have a lost and found,['lost_stolen'],lost and found,lost/found
fold14,can you recommend a free parking place nearby,['request_info'],free parking place/nearby,recommend/free parking
fold14,Is there any dedicated space to also leave motorcycles overnight?,['request_info'],dedicated space,dedicated space/leave motorcycles overnight
fold14,i'd like to make a spa reservation for tonight,['make_open_apply_setup_get_activate'],for tonight/spa reservation,tonight/make/reservation/spa
fold14,cancel todays pedicure session under duane dietzel,['cancel_close_leave_freeze'],duane dietzel/todays pedicure session/cancel,cancel/pedicure session
fold14,"lekeshia an, for 1:15PM, I made a lunch reservation for a party of 8",['existing'],lekeshia an/lunch reservation/1:15PM/party of 8,party of 8/lunch reservation
fold14,"book a sauna for 2 people, tomorrow at 12",['make_open_apply_setup_get_activate'],tomorrow at 12/2 people/book a sauna,sauna/tomorrow at 12/book
fold14,do you deliver food to the rooms?,['request_info'],do you deliver food to the rooms?,rooms/deliver
fold14,send that package directly to my room,['make_open_apply_setup_get_activate'],directly to my room/send/package,send/directly to my room
fold14,I already have one,['existing'],I already have,already have
fold14,I want a table for 4 people at 10:25 in the morning,['make_open_apply_setup_get_activate'],10:25 in the morning/table for 4 people,table/10:25 in the morning/4 people
fold14,"I have a reservation for 2 people for the 12th of June, can I upgrade it?",['change'],reservation/upgrade,reservation/upgrade
fold14,I want to change my reservation to 3 adults in 2 rooms please,['change'],3 adults/change/2 rooms/reservation,3 adults/2 rooms/change my reservation
fold14,I would like a room with 2 double beds checking in February 14 to 22,['make_open_apply_setup_get_activate'],2 double beds/checking in February 14 to 22/room,checking in/room
fold14,"Have you got any availability between 26th April to 2nd May, for one adult and 2 children for a 6 night stay",['make_open_apply_setup_get_activate'],between 26th April to 2nd May/one adult and 2 children/6 night stay/availability,availability
fold15,how can I book the gym from 4 to 10,['how'],book/from 4 to 10/gym,gym/how/book
fold15,"my wife's sister won't be coming eventually, can we get that room cancelled and reimbursed?",['cancel_close_leave_freeze'],room cancelled/reimbursed,reimbursed/cancelled
fold15,how long can I stay in the gym?,['how_long'],how long/stay in the gym,how long/gym
fold15,"ok, when do I need to check out the latest?","['limits', 'acknowledge', 'when', 'more_higher_after']",when do I need to check out,check out/ok/when
fold15,I dont know how many people we will be,['dont_know'],how many people/dont know,dont know/how many people
fold15,see you soon,['end_call'],see you soon,see you soon
fold15,what did you say?,['repeat'],what did you say?,what did you say
fold15,spa team please,['handoff'],team/spa,please/spa
fold15,"change my lunch reservation, we will be one person less","['change', 'less_lower_before']",change my lunch reservation/one person less,one person less/lunch reservation/change
fold15,Could I check in at 4 please?,['request_info'],check in/at 4/Could I,check in/at 4
fold15,When do I have to confirm the number of people coming to the dinner?,['when'],When/confirm the number of people coming to the dinner,When/confirm/number of people
fold15,I'd like to move to a larger room next Wednesday,"['make_open_apply_setup_get_activate', 'more_higher_after']",larger room/next Wednesday/move to,larger room/move/next Wednesday
fold15,"Yeah, I need to make a reservation for 4.","['affirm', 'make_open_apply_setup_get_activate']",Spans and Intents:1. make a reservation,Yeah/make a reservation
fold15,it's a new one,['new'],it's/a new one,new
fold15,can i book the swimming pool for a private party?,['request_info'],book/swimming pool/private party,swimming pool/book
fold15,Can I bring my iguana along?,['request_info'],iguana,bring/iguana
fold15,no need,['deny'],no need,no need
fold15,I'm not sure how to access the internet.,['request_info'],access the internet,internet/how/access/not sure
fold15,there is not hot water in the shower,['wrong_notworking_notshowing'],hot water/shower,not hot water
fold15,is there a mini bar in the room I could use?,['request_info'],mini bar,mini bar/room
fold15,what are the fees for the spa services,['how_much'],fees/spa services,fees/spa
fold15,I would like to book 2 rooms for 2 adults and 2 children for 3 nights from 7 April,['make_open_apply_setup_get_activate'],book/7 April/3 nights/2 adults and 2 children/2 rooms,7 April/book/3 nights/2 adults/2 rooms/2 children
fold15,Has a laptop been found,['lost_stolen'],laptop,laptop/been found
fold15,I want to do my nails tomorrow evening,['make_open_apply_setup_get_activate'],tomorrow evening,tomorrow evening/nails
fold15,I have a table booked under christyne tauber and I don't want it anymore.,"['cancel_close_leave_freeze', 'existing']",table booked/I don't want it anymore/christyne tauber,table booked/don't want it anymore
fold15,"I have a dinning booking under sadi nellis, i need to add 1 person to it","['change', 'existing']",dining booking/add 1 person,add/booking
fold15,tell me more about your restaurants,['request_info'],tell me more about/your restaurants,restaurants/tell me more
fold15,Order room service for tonight at 10,['make_open_apply_setup_get_activate'],10/tonight/Order room service,tonight at 10/room service
fold15,have one already,['existing'],have/one already,one already
fold15,Please book the table for 8 people at 3:15 a.m.,['make_open_apply_setup_get_activate'],3:15 a.m./book the table/8 people,book
fold15,can I update the hotel reservation i have for 9 people?,['change'],update/hotel reservation,update/hotel reservation
fold15,I want to book a room for 4,['make_open_apply_setup_get_activate'],book a room/room for 4,room/book
fold15,I would like to make a booking for a two-bedroom hotel room for two adults and three kids from the 19th to the 6th for 18 nights please.,['make_open_apply_setup_get_activate'],for two adults and three kids/from the 19th to the 6th/make a booking/two/for 18 nights,19th to the 6th/make a booking/18 nights/two
fold15,Iâ€™d like to book a three night stay from Sunday until Wednesday,['make_open_apply_setup_get_activate'],Sunday until Wednesday/book a three night stay,three night stay/from Sunday until Wednesday/book
fold16,"I cancelled those 2 rooms 5 days ago, and I still haven't got my money back.",['wrong_notworking_notshowing'],5 days ago/rooms/cancelled/haven't got my money back,haven't got my money back/2 rooms/cancelled
fold16,how can I book a table in the restaurant?,['how'],book a table/restaurant/how,how/restaurant/book
fold16,"hello, what time can I check in the earliest?","['when', 'greet', 'limits', 'less_lower_before']",hello/check in/what time,check in/hello/earliest
fold16,"ok, so what time is check in again","['when', 'acknowledge']",check in,check in/ok
fold16,see you in a few days,['end_call'],in a few days/see you,see you
fold16,"I didn't get that, could you say it again?",['repeat'],didn't get that,say it again
fold16,please connect me to the spa,['handoff'],spa/connect me to,connect/spa
fold16,can I change the checkout date?,['change'],change/checkout date,change/checkout date
fold16,Are the dog friendly rooms more expensive,"['request_info', 'more_higher_after']",more expensive/dog friendly rooms,more expensive/dog friendly
fold16,"yep, leaving tomorrow evening",['affirm'],leaving tomorrow evening/yep,leaving/yep
fold16,its a new one,['new'],new,new
fold16,are pets allowed in the swimming pool?,['request_info'],pets/swimming pool,swimming pool/pets
fold16,"No, I won't be using the gym at all.",['deny'],No/I won't be using the gym at all,No/gym
fold16,the treadmills are not working,['wrong_notworking_notshowing'],treadmills,treadmills/not working
fold16,Is the gym also open over the weekend?,['request_info'],gym/open over the weekend,gym/weekend/open
fold16,How much does parking cost?,['how_much'],parking cost/How much,How much/parking/cost
fold16,I lost my scarf,['lost_stolen'],scarf/lost,lost
fold16,I think my wallet got nicked at the restaurant.,['lost_stolen'],wallet/restaurant,wallet/restaurant
fold16,Can I cancel this room booking i have,['cancel_close_leave_freeze'],room booking/cancel,cancel/room booking
fold16,calling to cancel the booking I made yesterday.,['cancel_close_leave_freeze'],booking/cancel,cancel/booking
fold16,There is a table booking for lancer glinski i think tomorrow at 20 to 16,['existing'],tomorrow/table booking,table booking/tomorrow
fold16,I think I want to go up there on New Year's Eve can I get a rate,['request_info'],rate/New Year's Eve,rate/get
fold16,can we get room service please,['make_open_apply_setup_get_activate'],room service,room service/get
fold16,I'm kind of check on a reservation I made one supposed for the 17th of December but I never got a confirmation code,['existing'],17th of December/reservation/confirmation code,reservation/confirmation code/17th of December
fold16,"a table booking for 13 50 in the afternoon, it will be a couple and our kid",['make_open_apply_setup_get_activate'],couple and our kid/13 50 in the afternoon/table booking,booking
fold16,I have a reservation that I need to cancel,['change'],reservation/cancel,cancel/reservation
fold16,I have a booking that I need to amend,['change'],amend/booking,amend/booking
fold16,I have a booking that I need to modify,['change'],modify/booking,modify/booking
fold16,I have a reservation that I need to modify,['change'],modify/reservation,reservation/modify
fold16,I have a reservation that I need to amend,['change'],amend/reservation,reservation/amend
fold16,"I made a reservation for one full week yesterday, but would like to change the dates a bit.",['change'],dates/change/reservation,reservation/change the dates
fold16,Accommodation for 3 nights for 3 please.,['make_open_apply_setup_get_activate'],Accommodation for 3 nights/for 3,Accommodation/3 nights
fold16,I need a room for 2 adults and 2 children,['make_open_apply_setup_get_activate'],2 adults/room,room
fold16,"family suite needed to fit 2 adults, 1 child. We would be looking for breakfast included and would be staying 2 nights checking in tomorrow if possible",['make_open_apply_setup_get_activate'],"2 adults, 1 child/checking in tomorrow/family suite/staying 2 nights/breakfast included",breakfast included/checking in tomorrow/staying 2 nights/family suite
fold16,reserve a holiday,['make_open_apply_setup_get_activate'],reserve a holiday,holiday/reserve
fold17,why is the pool closed?,"['why', 'wrong_notworking_notshowing']",pool closed/why,closed/why/pool
fold17,how can I book a massage?,['how'],book a massage,massage/how/book
fold17,what is the latest i can check in,"['request_info', 'when', 'limits']",check in/latest,latest/check in
fold17,"Nice, got a booking at 2:10 night for a table under dariana prunty I believe.","['acknowledge', 'existing']",booking,booking
fold17,thats everything I needed,['end_call'],everything,thats everything I needed
fold17,Hi - I am looking to book a room for this weekend. It will be me and my husband. What availability do you have?,"['make_open_apply_setup_get_activate', 'greet', 'request_info']",book a room/availability,Hi/availability/book a room
fold17,i'd like to speak to the gym please,['handoff'],speak/gym,gym/speak
fold17,any table free before 19:55 evening?,"['request_info', 'less_lower_before']",table/evening/free/before 19:55,before 19:55 evening/any table
fold17,when is gym opening in the morning?,['when'],gym opening/when,gym/when
fold17,I don't think we'll make it to the check out time,['wrong_notworking_notshowing'],don't think/check out time,check out time
fold17,can I upgrade my booking to also get access to the swimming pool?,"['make_open_apply_setup_get_activate', 'more_higher_after']",get access to the swimming pool/booking/upgrade,swimming pool/access/upgrade/booking
fold17,sure no problem,['affirm'],sure/no problem,no problem/sure
fold17,make a new one,"['new', 'make_open_apply_setup_get_activate']",make/a new one,make/new
fold17,Can I get a dog friendly room,['make_open_apply_setup_get_activate'],dog friendly room,dog friendly/get/room
fold17,"no, only my granddad will be staying at your hotel.",['deny'],only my granddad will be staying/no/hotel,staying/hotel/no
fold17,Does the resort offer internet access to its guests?,['request_info'],guests/resort/internet access,internet access
fold17,"The shower cannot get any hot water, I've been taking cold showers all this time.",['wrong_notworking_notshowing'],cold showers/hot water,cold showers/shower cannot get any hot water
fold17,How much would I pay for 3 hours with a personal trainer in your gym?,['how_much'],3 hours/personal trainer/How much,How much/3 hours/personal trainer
fold17,how much is breakfast for 5?,['how_much'],for 5/how much/breakfast,how much/breakfast
fold17,I lost my driving license,['lost_stolen'],driving license/lost,lost
fold17,"I'm driving, can I park",['request_info'],driving/park,park
fold17,we have a restaurant booking listed under colisha for tomorrow night!,['existing'],restaurant booking/tomorrow night,restaurant/booking
fold17,cancel an existing one,"['cancel_close_leave_freeze', 'existing']",existing/cancel,cancel/existing
fold17,I have a restaurant reservation that I think is for kamini luoma at 14 50 tomorrow,['existing'],14 50 tomorrow/restaurant reservation/kamini luoma,14 50 tomorrow/restaurant reservation/kamini luoma
fold17,do you have any restaurants open at 5 30 a.m.?,['request_info'],open at 5 30 a.m./restaurants,restaurants
fold17,Can I order a hotdog to my room in an hour?,['make_open_apply_setup_get_activate'],order a hotdog/in an hour,order/room
fold17,already have it,['existing'],have it/already,already have
fold17,I want to upgrade the booking i did for the 18th August,['change'],booking/18th August/upgrade,upgrade/booking
fold17,can I update a room booking to 6 people?,['change'],to 6 people/can I/update a room booking,update/room booking
fold17,"Can I make a reservation for 4 adults, 2 rooms with 2 adults in each, one with a double bed and the other with 2 single beds for 2 nights from Monday 26th of Sep please.",['make_open_apply_setup_get_activate'],the other with 2 single beds/from Monday 26th of Sep/make a reservation/for 2 nights/for 4 adults/one with a double bed/with 2 adults in each/2 rooms,2 nights/double bed/2 rooms/make a reservation/Monday 26th of Sep/2 single beds
fold17,I want to book a room for October 18 until the 22nd,['make_open_apply_setup_get_activate'],book a room/October 18 until the 22nd,room/October 18 until the 22nd/book
fold18,"thank you, do you have any slots from 8 to 9 pm?","['thank', 'request_info']",slots from 8 to 9 pm/thank you,thank you/any slots from 8 to 9 pm
fold18,why is the gym closed during the next week,"['why', 'wrong_notworking_notshowing']",next week/gym closed/why,closed/gym/next week/why
fold18,what do i need to do to use the gym?,['how'],gym,gym/use
fold18,earliest check in,"['when', 'less_lower_before', 'limits']",check in/earliest,check in/earliest
fold18,"ok that was very helpful, bye bye","['end_call', 'acknowledge']",that was very helpful/ok/bye bye,bye bye/ok
fold18,please say that one more time now,['repeat'],please say that one more time now,say that one more time
fold18,"Hi, please could I book a family suite one double, one single 2 adults and one child from 1-31st of December. Is breakfast included?","['make_open_apply_setup_get_activate', 'greet', 'request_info']",1/2 adults and one child/book a family suite/Is breakfast included?,"Hi/one double, one single 2 adults and one child/book/1/Is breakfast included?"
fold18,could you transfer me to the spa team please,['handoff'],spa team/transfer me,transfer/spa
fold18,"no, I need to check in much later than that.","['deny', 'more_higher_after']",no/I need to check in much later than that,much later/check in/no
fold18,How much in advance do I have to book a table for 8 people?,['when'],book a table for 8 people/in advance/How much,How much/book a table
fold18,late check-out,['more_higher_after'],late/check,check
fold18,yes that's my phone I'm trying to locate it,"['affirm', 'lost_stolen']",yes/locate it,trying to locate it/yes
fold18,brand new,['new'],brand new,brand new
fold18,is the indoor pool on the third floor,['request_info'],indoor pool/third floor,indoor pool/third floor
fold18,Can I bring my dog to the restaurant?,['request_info'],Can I bring my dog to the restaurant?,bring my dog/restaurant
fold18,Is there WiFi at the hotel?,['request_info'],WiFi,hotel/WiFi
fold18,theres a broken static bike in the gym,['wrong_notworking_notshowing'],broken static bike,gym
fold18,want to book a room with balcony or terrace.,['make_open_apply_setup_get_activate'],book a room/with balcony or terrace,room/book
fold18,What are the fees for parking?,['how_much'],parking/fees,fees/parking
fold18,Has a wallet been handed in,['lost_stolen'],a wallet/been handed in/Has,wallet/handed in
fold18,"Could you please confirm our booking at the restaurant for tonight, for 2 people?","['existing', 'request_info']",confirm/booking at the restaurant/tonight/2 people,restaurant/booking
fold18,i need to cancel my booking,['cancel_close_leave_freeze'],need to cancel/i/my booking,cancel/booking
fold18,I need to cancel my booking due to some unexpected private reasons...,['cancel_close_leave_freeze'],cancel my booking/unexpected private reasons,cancel/booking
fold18,I need to change the current booking under cabanas.,"['change', 'existing']",change/current booking,booking/current/change
fold18,do you offer skincare treatments?,['request_info'],skincare treatments,skincare treatments
fold18,Do you serve vegan food in your restaurant?,['request_info'],vegan food,restaurant/vegan food
fold18,I want something to eat inside the room,['make_open_apply_setup_get_activate'],want something to eat/inside the room,inside the room/something to eat
fold18,existing one,['existing'],existing,existing
fold18,Can you please reserve a table for 2 people at 4 25 p.m. ?,['make_open_apply_setup_get_activate'],reserve a table/2 people/4 25 p.m.,table/reserve
fold18,Can I change some of the details of a reservation i made the other day,['change'],reservation/change/details,details/reservation/change
fold18,amend that reservation to now also include 3 kids,['change'],include 3 kids/amend/reservation,kids/amend/reservation
fold18,I would like to have the ensuite room for 1 night please,['make_open_apply_setup_get_activate'],ensuite room/1 night,1 night/ensuite room
fold18,it looks to make a reservation I am arriving on Tuesday and leaving on Sunday,['make_open_apply_setup_get_activate'],leaving on Sunday/make a reservation/arriving on Tuesday,arriving/leaving/make a reservation
fold19,Have you got anything between 4 30 in the night and half past 15 afternoon,['request_info'],between 4 30 in the night/half past 15 afternoon,half past 15 afternoon/4 30 in the night
fold19,"thanks, when will I be receiving the money back?","['when', 'thank']",thanks/when will I be receiving the money back,thanks/receiving the money back/when
fold19,Why is the gym closed since yesterday?,"['why', 'wrong_notworking_notshowing']",closed since yesterday/gym,closed/gym/since yesterday/Why
fold19,How do I unlock more channels on the tv?,"['more_higher_after', 'how']",unlock more channels/tv,more channels/How/tv/unlock
fold19,do you have accesible parking?,['request_info'],accessible parking,accesible/parking
fold19,i am not sure of the day we will be leaving,['dont_know'],day we will be leaving/not sure,not sure/day we will be leaving
fold19,Au revoir cheers,['end_call'],cheers/Au revoir,cheers/Au revoir
fold19,Hi am sorry I have to cancel the table for 4 people at 5 10 p.m.,"['greet', 'cancel_close_leave_freeze']",5 10 p.m./table for 4 people/cancel,cancel/Hi
fold19,"no, that didn't solve anything, can I speak with somebody a bit more intelligent?","['deny', 'handoff']","can I speak with somebody a bit more intelligent?/no, that didn't solve anything",speak with somebody/no
fold19,The price was 10% lower last week!,['less_lower_before'],price/10% lower,lower/last week
fold19,I want to do a check-in on behalf of my husband.,['make_open_apply_setup_get_activate'],on behalf of my husband/check,check
fold19,Do I have to pay extra if I checkout later?,"['how_much', 'more_higher_after']",checkout later,pay extra/checkout later
fold19,"yes, do proceed with the booking!","['affirm', 'make_open_apply_setup_get_activate']",proceed with the booking/yes,proceed/yes/booking
fold19,its the first time i make the reservation,['new'],make the reservation/first time,first time/make the reservation
fold19,i might have forgotten the wallet in the pool,['lost_stolen'],wallet/pool/forgotten,wallet/forgotten/pool
fold19,I would like to bring my cat,['request_info'],bring/my cat,bring my cat
fold19,Is WiFi free?,['how_much'],WiFi/free,WiFi/free
fold19,I cannot find a hair dryer and I looked everywhere!,['wrong_notworking_notshowing'],looked everywhere/hair dryer,cannot find/hair dryer
fold19,Is the gym free to use?,['how_much'],gym/free,gym/free
fold19,Can you send some soft drinks and 7 beers to my room at 23:00?,['make_open_apply_setup_get_activate'],23:00/7 beers/my room/soft drinks,23:00/beers/soft drinks/room/send
fold19,I forgot my laptop at claim jumper,['lost_stolen'],claim jumper/forgot/laptop,forgot
fold19,Please cancel my booking at 15 past 3 p.m. as I have changed my mind.,['cancel_close_leave_freeze'],15 past 3 p.m./booking/changed my mind/cancel,changed my mind/cancel my booking
fold19,confirm my reservation is under myles,['existing'],confirm/reservation,reservation/confirm
fold19,can you tell me more detail about the spa,['request_info'],spa,more detail/spa
fold19,do you offer room service?,['request_info'],do you offer/room service,room service
fold19,I'd like to get some whiskey here to the third floor.,['make_open_apply_setup_get_activate'],third floor/whiskey,get
fold19,Ive got a reservation starting on 5th of March,['existing'],starting on 5th of March/reservation,5th of March/reservation
fold19,"At 9 30 evening, I booked a table for 5 people",['existing'],5 people/booked a table,booked a table/9 30 evening/5 people
fold19,please get my restaurant booking changed to at 0:30,['change'],restaurant booking/changed,at 0:30/changed/get/restaurant booking
fold19,change it to 11pm,['change'],11pm/change,11pm/change
fold19,amend hotel reservation,['change'],amend/hotel reservation,amend/hotel reservation
fold19,"I would like a standard room for one adult starting on the 19th of May for 12 nights, please.",['make_open_apply_setup_get_activate'],12 nights/one adult/standard room/19th of May,standard room/starting on the 19th of May/12 nights
fold19,I want to book 2 rooms from 4th to 8th of Jun. It'll be for 1 adult in each room,['make_open_apply_setup_get_activate'],book/1 adult/2 rooms/4th to 8th of Jun,rooms/4th to 8th of Jun/book
fold19,"ok, make a reservation for 9 days for my mother checking in on March 1st",['make_open_apply_setup_get_activate'],March 1st/my mother/make a reservation/checking in/9 days,checking in/make a reservation/ok
